id,first_name,last_name,email,birthday,city,state,state_code
1,Emily,Johnson,emily.johnson@x.dummyjson.com,1996-5-30,Phoenix,Mississippi,MS
2,Michael,Williams,michael.williams@x.dummyjson.com,1989-8-10,Houston,Alabama,AL
3,Sophia,Brown,sophia.brown@x.dummyjson.com,1982-11-6,Washington,Alabama,AL
4,James,Davis,james.davis@x.dummyjson.com,1979-5-4,Seattle,Pennsylvania,PA
5,Emma,Miller,emma.miller@x.dummyjson.com,1994-6-13,Jacksonville,Colorado,CO
6,Olivia,Wilson,olivia.wilson@x.dummyjson.com,2002-4-20,Fort Worth,Tennessee,TN
7,Alexander,Jones,alexander.jones@x.dummyjson.com,1986-10-20,Indianapolis,Delaware,DE
8,Ava,Taylor,ava.taylor@x.dummyjson.com,1997-8-25,Fort Worth,Rhode Island,RI
9,Ethan,Martinez,ethan.martinez@x.dummyjson.com,1991-2-12,San Antonio,Louisiana,LA
10,Isabella,Anderson,isabella.anderson@x.dummyjson.com,1993-6-10,New York,Utah,UT
11,Liam,Garcia,liam.garcia@x.dummyjson.com,1995-6-6,Denver,South Dakota,SD
12,Mia,Rodriguez,mia.rodriguez@x.dummyjson.com,2000-8-4,Jacksonville,West Virginia,WV
13,Noah,Hernandez,noah.hernandez@x.dummyjson.com,1984-6-5,New York,North Dakota,ND
14,Charlotte,Lopez,charlotte.lopez@x.dummyjson.com,1988-6-8,Columbus,Ohio,OH
15,William,Gonzalez,william.gonzalez@x.dummyjson.com,1992-3-27,San Jose,Utah,UT
16,Avery,Perez,avery.perez@x.dummyjson.com,1999-3-10,Columbus,Iowa,IA
17,Evelyn,Sanchez,evelyn.sanchez@x.dummyjson.com,1987-10-13,San Diego,Wyoming,WY
18,Logan,Torres,logan.torres@x.dummyjson.com,1993-10-26,Columbus,Arkansas,AR
19,Abigail,Rivera,abigail.rivera@x.dummyjson.com,1996-10-11,Chicago,New Mexico,NM
20,Jackson,Evans,jackson.evans@x.dummyjson.com,1990-11-30,New York,Arkansas,AR
21,Madison,Collins,madison.collins@x.dummyjson.com,1998-3-7,Philadelphia,New Jersey,NJ
22,Elijah,Stewart,elijah.stewart@x.dummyjson.com,1991-10-22,Columbus,Illinois,IL
23,Chloe,Morales,chloe.morales@x.dummyjson.com,1985-4-21,Dallas,New Jersey,NJ
24,Mateo,Nguyen,mateo.nguyen@x.dummyjson.com,1994-6-2,Columbus,Missouri,MO
25,Harper,Kelly,harper.kelly@x.dummyjson.com,1997-3-3,Philadelphia,New York,NY
26,Evelyn,Gonzalez,evelyn.gonzalez@x.dummyjson.com,1989-2-5,Dallas,Maine,ME
27,Daniel,Cook,daniel.cook@x.dummyjson.com,1983-12-25,Los Angeles,Nevada,NV
28,Lily,Lee,lily.lee@x.dummyjson.com,1995-12-3,Phoenix,Massachusetts,MA
29,Henry,Hill,henry.hill@x.dummyjson.com,1986-8-19,Indianapolis,Delaware,DE
30,Addison,Wright,addison.wright@x.dummyjson.com,1992-1-3,San Francisco,Montana,MT
31,Gabriel,Adams,gabriel.adams@x.dummyjson.com,1988-9-5,Charlotte,Indiana,IN
32,Natalie,Harris,natalie.harris@x.dummyjson.com,1996-7-23,San Jose,Mississippi,MS
33,Carter,Baker,carter.baker@x.dummyjson.com,1993-4-19,Denver,Oregon,OR
34,Sofia,Mitchell,sofia.mitchell@x.dummyjson.com,1999-11-18,San Francisco,Oregon,OR
35,Jack,Ward,jack.ward@x.dummyjson.com,1995-9-23,Phoenix,Idaho,ID
36,Harper,Turner,harper.turner@x.dummyjson.com,1991-1-14,Dallas,Utah,UT
37,Mason,Parker,mason.parker@x.dummyjson.com,1990-4-20,Seattle,Louisiana,LA
38,Aria,Roberts,aria.roberts@x.dummyjson.com,1998-3-25,Seattle,Rhode Island,RI
39,Lucas,Gray,lucas.gray@x.dummyjson.com,1994-4-6,Houston,Wisconsin,WI
40,Ella,Adams,ella.adams@x.dummyjson.com,1997-6-20,Washington,Utah,UT
41,Evan,Reed,evan.reed@x.dummyjson.com,1992-6-16,San Antonio,North Carolina,NC
42,Avery,Carter,avery.carter@x.dummyjson.com,1996-8-21,San Diego,West Virginia,WV
43,Benjamin,Foster,benjamin.foster@x.dummyjson.com,1990-11-1,San Diego,Delaware,DE
44,Scarlett,Wright,scarlett.wright@x.dummyjson.com,1998-5-9,Phoenix,Vermont,VT
45,Lincoln,Kelly,lincoln.kelly@x.dummyjson.com,1994-1-12,Columbus,Montana,MT
46,Hannah,Robinson,hannah.robinson@x.dummyjson.com,1995-2-2,Phoenix,West Virginia,WV
47,Nicholas,Bailey,nicholas.bailey@x.dummyjson.com,1989-6-14,Chicago,Rhode Island,RI
48,Luna,Russell,luna.russell@x.dummyjson.com,1997-6-18,San Diego,Colorado,CO
49,Jacob,Cooper,jacob.cooper@x.dummyjson.com,1993-12-21,Columbus,Montana,MT
50,Stella,Hughes,stella.hughes@x.dummyjson.com,1991-11-6,Jacksonville,New Hampshire,NH
51,Eli,Bennett,eli.bennett@x.dummyjson.com,1995-9-17,Jacksonville,Idaho,ID
52,Grace,Perry,grace.perry@x.dummyjson.com,1998-12-23,Seattle,Pennsylvania,PA
53,Lucas,Gordon,lucas.gordon@x.dummyjson.com,1989-9-11,Los Angeles,Rhode Island,RI
54,Ava,Harrison,ava.harrison@x.dummyjson.com,1996-4-22,San Antonio,Vermont,VT
55,Owen,Fisher,owen.fisher@x.dummyjson.com,1993-6-26,Chicago,Nevada,NV
56,Samantha,Howard,samantha.howard@x.dummyjson.com,1994-6-17,Austin,Alaska,AK
57,Nathan,Dixon,nathan.dixon@x.dummyjson.com,1990-11-10,Columbus,Utah,UT
58,Bella,Grant,bella.grant@x.dummyjson.com,1997-3-15,Dallas,Mississippi,MS
59,Ethan,Fletcher,ethan.fletcher@x.dummyjson.com,1991-5-1,Dallas,Arkansas,AR
60,Lillian,Simmons,lillian.simmons@x.dummyjson.com,1992-3-9,Phoenix,Minnesota,MN
61,Mason,Pearson,mason.pearson@x.dummyjson.com,1996-5-9,Phoenix,Idaho,ID
62,Leah,Henderson,leah.henderson@x.dummyjson.com,1998-8-19,Austin,Wyoming,WY
63,Logan,Lawson,logan.lawson@x.dummyjson.com,1991-8-5,Chicago,Minnesota,MN
64,Avery,Barnes,avery.barnes@x.dummyjson.com,1995-2-5,Philadelphia,Connecticut,CT
65,Caleb,Perkins,caleb.perkins@x.dummyjson.com,1994-7-28,Los Angeles,South Carolina,SC
66,Aria,Ferguson,aria.ferguson@x.dummyjson.com,1997-6-1,San Diego,Wyoming,WY
67,Gabriel,Hayes,gabriel.hayes@x.dummyjson.com,1990-4-8,San Jose,Minnesota,MN
68,Layla,Sullivan,layla.sullivan@x.dummyjson.com,1999-10-3,Denver,Arizona,AZ
69,Christopher,West,christopher.west@x.dummyjson.com,1993-11-16,Denver,Pennsylvania,PA
70,Zoe,Nicholson,zoe.nicholson@x.dummyjson.com,1992-12-24,Jacksonville,Kansas,KS
71,Nolan,Bryant,nolan.bryant@x.dummyjson.com,1995-12-7,Jacksonville,Nevada,NV
72,Victoria,McDonald,victoria.mcdonald@x.dummyjson.com,1997-9-16,Austin,Missouri,MO
73,Max,Russell,max.russell@x.dummyjson.com,1990-4-19,Chicago,Oklahoma,OK
74,Penelope,Harper,penelope.harper@x.dummyjson.com,1996-9-14,Charlotte,Pennsylvania,PA
75,Ryan,Graham,ryan.graham@x.dummyjson.com,1993-10-2,San Antonio,Tennessee,TN
76,Madeline,Simpson,madeline.simpson@x.dummyjson.com,1998-12-1,Los Angeles,New Jersey,NJ
77,Jonathan,Pierce,jonathan.pierce@x.dummyjson.com,1991-9-25,San Diego,Ohio,OH
78,Eleanor,Tyler,eleanor.tyler@x.dummyjson.com,1994-10-26,San Antonio,New Hampshire,NH
79,Isaac,Lawrence,isaac.lawrence@x.dummyjson.com,1992-1-6,Austin,North Dakota,ND
80,Hazel,Gardner,hazel.gardner@x.dummyjson.com,1997-9-18,New York,Kentucky,KY
81,Austin,Hudson,austin.hudson@x.dummyjson.com,1995-5-1,Los Angeles,Maryland,MD
82,Lillian,Bishop,lillian.bishop@x.dummyjson.com,1998-8-2,Jacksonville,Minnesota,MN
83,Dylan,Wells,dylan.wells@x.dummyjson.com,1990-11-7,Philadelphia,West Virginia,WV
84,Aaliyah,Hanson,aaliyah.hanson@x.dummyjson.com,1996-3-20,Philadelphia,North Dakota,ND
85,Cameron,Burke,cameron.burke@x.dummyjson.com,1993-2-28,Denver,South Dakota,SD
86,Nora,Mills,nora.mills@x.dummyjson.com,1998-9-18,San Jose,Kansas,KS
87,Hunter,Gordon,hunter.gordon@x.dummyjson.com,1991-2-8,Charlotte,Florida,FL
88,Aubrey,Wagner,aubrey.wagner@x.dummyjson.com,1994-4-1,Phoenix,North Carolina,NC
89,Brayden,Fleming,brayden.fleming@x.dummyjson.com,1992-7-20,Jacksonville,Arkansas,AR
90,Scarlett,Bowman,scarlett.bowman@x.dummyjson.com,1997-2-26,New York,New Jersey,NJ
91,Levi,Hicks,levi.hicks@x.dummyjson.com,1995-5-19,Phoenix,West Virginia,WV
92,Autumn,Gomez,autumn.gomez@x.dummyjson.com,1998-2-1,Dallas,Illinois,IL
93,Julian,Newton,julian.newton@x.dummyjson.com,1990-7-2,Fort Worth,Iowa,IA
94,Ruby,Andrews,ruby.andrews@x.dummyjson.com,1996-7-7,Dallas,Texas,TX
95,Miles,Stevenson,miles.stevenson@x.dummyjson.com,1993-3-1,Charlotte,Montana,MT
96,Aurora,Lawson,aurora.lawson@x.dummyjson.com,1998-6-16,Dallas,Minnesota,MN
97,Oscar,Powers,oscar.powers@x.dummyjson.com,1991-9-7,Charlotte,Vermont,VT
98,Clara,Berry,clara.berry@x.dummyjson.com,1994-2-13,Seattle,Montana,MT
99,Gavin,Stanley,gavin.stanley@x.dummyjson.com,1992-3-17,Houston,Mississippi,MS
100,Lila,Hudson,lila.hudson@x.dummyjson.com,1997-9-1,Chicago,Nevada,NV
101,Alice,Smith,alice.smith@x.dummyjson.com,1996-9-8,Houston,Arkansas,AR
102,John,Doe,john.doe@x.dummyjson.com,1989-2-20,Fort Worth,New York,NY
103,Emily,Brown,emily.brown@x.dummyjson.com,1982-12-5,Houston,Hawaii,HI
104,Michael,Johnson,michael.johnson@x.dummyjson.com,2000-1-6,Phoenix,Maryland,MD
105,Emma,Wilson,emma.wilson@x.dummyjson.com,1993-6-2,New York,Kansas,KS
106,David,Martinez,david.martinez@x.dummyjson.com,1985-6-11,Seattle,New Jersey,NJ
107,Olivia,Anderson,olivia.anderson@x.dummyjson.com,1995-6-23,Houston,Vermont,VT
108,James,Garcia,james.garcia@x.dummyjson.com,1979-11-29,Washington,Maryland,MD
109,Sophia,Jones,sophia.jones@x.dummyjson.com,1991-5-21,Phoenix,Georgia,GA
110,Daniel,Taylor,daniel.taylor@x.dummyjson.com,1997-12-21,San Francisco,Virginia,VA
111,Isabella,Jackson,isabella.jackson@x.dummyjson.com,1988-12-26,Charlotte,Connecticut,CT
112,Alexander,Hernandez,alexander.hernandez@x.dummyjson.com,1983-7-4,Dallas,Idaho,ID
113,Mia,Miller,mia.miller@x.dummyjson.com,1999-7-10,Denver,Michigan,MI
114,Ethan,Thompson,ethan.thompson@x.dummyjson.com,1992-1-10,Dallas,Tennessee,TN
115,Charlotte,Davis,charlotte.davis@x.dummyjson.com,1986-1-18,Fort Worth,Massachusetts,MA
116,William,Lopez,william.lopez@x.dummyjson.com,1998-11-1,Washington,Arkansas,AR
117,Amelia,Perez,amelia.perez@x.dummyjson.com,1981-1-29,New York,New Hampshire,NH
118,Benjamin,Wilson,benjamin.wilson@x.dummyjson.com,1994-3-11,Philadelphia,New Hampshire,NH
119,Liam,Gonzalez,liam.gonzalez@x.dummyjson.com,1990-9-14,Columbus,New Hampshire,NH
120,Evelyn,Walker,evelyn.walker@x.dummyjson.com,1987-8-24,Phoenix,Arizona,AZ
121,Ava,Harris,ava.harris@x.dummyjson.com,1995-8-26,San Antonio,Florida,FL
122,Liam,Smith,liam.smith@x.dummyjson.com,1980-11-24,Jacksonville,Vermont,VT
123,Harper,King,harper.king@x.dummyjson.com,2001-6-17,Phoenix,Washington,WA
124,Noah,Lewis,noah.lewis@x.dummyjson.com,1985-6-9,Denver,Alabama,AL
125,Logan,Lee,logan.lee@x.dummyjson.com,1979-10-18,Los Angeles,Oregon,OR
126,Avery,Scott,avery.scott@x.dummyjson.com,1997-10-13,New York,Arizona,AZ
127,Mason,Wright,mason.wright@x.dummyjson.com,1984-5-17,Indianapolis,Tennessee,TN
128,Grace,Green,grace.green@x.dummyjson.com,1989-2-4,Los Angeles,Nevada,NV
129,Lucas,Allen,lucas.allen@x.dummyjson.com,1998-11-1,Jacksonville,New Mexico,NM
130,Chloe,Roberts,chloe.roberts@x.dummyjson.com,1983-4-8,San Jose,Arkansas,AR
131,Jackson,Morales,jackson.morales@x.dummyjson.com,1991-9-18,Austin,Arkansas,AR
132,Zoe,Bennett,zoe.bennett@x.dummyjson.com,1996-5-11,San Jose,Utah,UT
133,Carter,Rivera,carter.rivera@x.dummyjson.com,1987-1-19,Phoenix,South Carolina,SC
134,Nora,Russell,nora.russell@x.dummyjson.com,2000-3-30,Charlotte,West Virginia,WV
135,Elijah,Cruz,elijah.cruz@x.dummyjson.com,1995-1-23,Seattle,North Dakota,ND
136,Madison,Stewart,madison.stewart@x.dummyjson.com,1988-5-15,Indianapolis,Arkansas,AR
137,Gabriel,Bailey,gabriel.bailey@x.dummyjson.com,1982-11-22,Philadelphia,New Mexico,NM
138,Lily,Torres,lily.torres@x.dummyjson.com,1993-8-22,Chicago,Illinois,IL
139,Elijah,Hill,elijah.hill@x.dummyjson.com,1998-8-25,Los Angeles,Maine,ME
140,Hannah,Howard,hannah.howard@x.dummyjson.com,1989-10-15,Indianapolis,Indiana,IN
141,Owen,Sullivan,owen.sullivan@x.dummyjson.com,1981-1-2,Charlotte,Mississippi,MS
142,Aria,Parker,aria.parker@x.dummyjson.com,1997-7-6,Phoenix,Alabama,AL
143,Grayson,Coleman,grayson.coleman@x.dummyjson.com,1994-12-15,San Francisco,Illinois,IL
144,Ella,Cook,ella.cook@x.dummyjson.com,1986-10-28,Fort Worth,New Hampshire,NH
145,Luke,Cooper,luke.cooper@x.dummyjson.com,1999-4-20,San Antonio,Maryland,MD
146,Leah,Hughes,leah.hughes@x.dummyjson.com,1992-6-2,Indianapolis,Indiana,IN
147,Henry,Turner,henry.turner@x.dummyjson.com,1980-6-12,Philadelphia,Ohio,OH
148,Aurora,Barnes,aurora.barnes@x.dummyjson.com,1995-12-15,New York,Idaho,ID
149,Wyatt,Perry,wyatt.perry@x.dummyjson.com,1990-5-23,Charlotte,Wisconsin,WI
150,Stella,Morris,stella.morris@x.dummyjson.com,1985-3-15,San Diego,Rhode Island,RI
